ID,Student ID
19035035,Dominic Jensen
19035287,Jenna Goff
19035841,Amery Sullivan
19035006,Ina Mccarty
19035169,Gary Silva
19035175,Alvin Flowers
19035130,Bradley Keller
19035020,Cruz Saunders
19035407,Elvis Romero
19035464,Xander Ball
19035168,Kathleen Gallagher
19035306,Ashely Barton
19035705,Giselle England
19035885,Luke Alexander
19035834,Hayley Hunter
19035498,Cody Tillman
19035441,Noelle Glover
19035185,Leslie Bond
19035475,Bruno Ayala
19035959,Haviva Levine
19035411,Hu Terry
19035183,Craig Garza
19035551,Ivor Klein
19035893,Amber Emerson
19035094,Noelani Campos
19035016,Jana Fernandez
19035727,Rina Paul
19035776,Camden Kim
19035782,Lael Hodge
19035703,Steel Little
19035340,Azalia Ashley
19035359,Dane Hunter
19035577,Lynn Mejia
19035327,Kaden Stanley
19035135,Martina Preston
19035836,Hedley Wolfe
19035859,Tanner Larsen
19035231,Xenos Guerra
19035601,Noble Keller
19035704,Ariel Crawford
19035917,Cheyenne Avila
19035669,Judith Mcfarland
19035772,Iliana Hull
19035057,September Dixon
19035682,Vivien Gilmore
19035972,Blossom Dominguez
19035434,Fiona Mcmillan
19035046,Baker Burns
19035591,Ian Burt
19035025,Britanni Blevins
19035108,Hiram Barrett
19035291,Silas Phelps
19035549,Hamish Dickerson
19035190,Carol Deleon
19035013,Kennan Rogers
19035768,Barbara Matthews
19035255,Keaton Wilson
19035389,Jermaine Crane
19035256,Amos Mayo
19035477,Flavia Fowler
19035262,Sierra Bryant
19035586,Ima Burton
19035357,Cole Dorsey
19035994,Hyacinth Herman
19035764,Brynn Herman
19035451,Nasim Rosario
19035272,Maggie Roberts
19035686,Maite Cooper
19035251,Minerva Hunt
19035691,Imani Grimes
19035784,Cole Williamson
19035926,Fuller Patrick
19035949,Vincent Osborne
19035956,Elizabeth Buchanan
19035088,Jillian Duncan
19035329,Gil Mercer
19035883,Wallace Reid
19035176,Tamara Mathis
19035303,Shafira Hodges
19035517,Hedley Graves
19035804,Alec Patrick
19035800,Clark Jarvis
19035075,Andrew Mendoza
19035996,Lesley Walsh
19035716,Dexter Woodward
19035828,Savannah Wheeler
19035546,Brynn Patel
19035291,Brennan Prince
19035686,Mechelle Horton
19035648,Mira Barron
19035560,Bethany Ferrell
19035409,Tamara Mullen
19035737,Garth Navarro
19035252,Melodie Rush
19035885,Phoebe Page
19035502,Tamara Snow
19035016,Evelyn Horton
19035301,Alec Knight
19035164,Ivan Casey
19035403,Colin Huff